flex1,flex2,flex3,flex4,flex5,ax,ay,az,gx,gy,label
4095,3673,4095,3651,3986,1.72,-0.64,-0.09,0.11,-0.02,te amo
4095,3679,4095,3647,3978,9.35,-4.09,-0.17,0.06,0.22,te amo
4095,3581,4095,3613,3965,9.39,-3.94,0.13,-0.02,-0.22,te amo
4095,3522,4095,3606,3967,9.16,-3.92,-0.22,0.03,0.05,te amo
4095,3522,4095,3600,3959,9.38,-3.97,-0.14,-0.07,-0.05,te amo
4095,3550,4095,3607,3956,9.52,-3.95,-0.01,-0.11,-0.00,te amo
4095,3534,4095,3603,3952,9.28,-3.97,-0.16,0.01,0.05,te amo
4095,3569,4095,3613,3951,9.56,-4.09,0.02,-0.03,-0.11,te amo
4095,3580,4095,3612,3946,9.33,-3.81,-0.24,0.05,0.02,te amo
4095,3671,4095,3664,3962,9.43,-4.20,0.06,-0.02,-0.22,te amo
4095,3703,4095,3664,3965,9.63,-4.21,-0.23,-0.00,0.02,te amo
4095,3691,4095,3667,3955,9.31,-4.28,-0.33,-0.03,0.11,te amo
4095,3695,4095,3680,3952,9.42,-4.06,-0.03,0.01,-0.04,te amo
4095,3691,4095,3711,3943,9.14,-4.19,-0.11,0.10,-0.01,te amo
4095,3698,4095,3699,3941,9.40,-4.59,-0.31,0.01,-0.09,te amo

4095,3957,4095,4095,4059,1.64,-0.89,-0.05,-0.02,0.15,te amo
4095,4011,4095,4095,4069,9.06,-4.84,0.03,0.08,0.16,te amo
4095,4001,4095,4095,4051,8.92,-5.04,0.26,0.03,-0.02,te amo
4095,3983,4095,4095,4047,9.06,-5.20,0.04,-0.08,-0.12,te amo
4095,3979,4095,4095,4050,9.03,-4.87,0.04,-0.06,0.09,te amo
4095,4001,4095,4095,4050,8.77,-4.83,-0.02,-0.07,-0.07,te amo
4095,4003,4095,4095,4048,9.26,-4.97,-0.26,-0.07,-0.09,te amo
4095,3997,4095,4095,4049,9.02,-4.97,-0.11,-0.09,0.08,te amo
4095,4016,4095,4095,4051,8.96,-4.89,-0.17,-0.13,-0.07,te amo
4095,4037,4095,4095,4057,9.22,-4.49,-0.40,-0.07,-0.00,te amo
4095,4062,4095,4095,4065,8.94,-4.62,-0.53,0.03,0.10,te amo
4095,4075,4095,4095,4050,9.28,-4.74,-0.30,0.02,-0.05,te amo
4095,4075,4095,4095,4049,8.75,-4.89,-0.04,0.08,-0.09,te amo
4095,4075,4095,4095,4048,9.31,-4.96,-0.28,0.03,-0.09,te amo
4095,4069,4095,4095,4053,8.97,-4.67,-0.47,-0.14,-0.10,te amo

4095,3745,4095,4095,3675,1.76,-0.30,0.52,0.05,0.01,te amo
4095,3749,4095,4095,3682,9.65,-1.93,2.48,0.05,-0.06,te amo
4095,3750,4095,4095,3623,9.79,-2.06,2.36,0.05,-0.05,te amo
4095,3742,4095,4095,3611,9.85,-2.04,2.23,0.01,-0.10,te amo
4095,3742,4095,4095,3630,9.92,-1.90,2.21,0.01,-0.03,te amo
4095,3752,4095,4095,3647,10.09,-1.61,2.19,0.03,-0.02,te amo
4095,3745,4095,4095,3651,9.95,-1.75,2.33,0.09,-0.02,te amo
4095,3745,4095,4095,3687,10.10,-1.79,2.22,-0.00,-0.01,te amo
4095,3771,4095,4095,3679,9.65,-1.99,2.12,0.04,-0.01,te amo
4095,3777,4095,4095,3664,9.91,-1.81,2.15,0.04,0.04,te amo
4095,3741,4095,4095,3678,9.88,-1.78,2.15,0.05,-0.03,te amo
4095,3739,4095,4095,3690,9.61,-1.67,2.02,0.02,0.00,te amo
4095,3751,4095,4095,3702,10.09,-1.83,2.09,-0.01,0.03,te amo
4095,3759,4095,4095,3706,9.66,-1.95,2.13,0.05,0.06,te amo
4095,3744,4095,4095,3687,10.10,-1.59,2.15,0.04,0.07,te amo

4095,3729,4095,4069,3639,1.74,-0.51,-0.06,0.06,0.04,te amo
4095,3808,4095,4092,3632,9.91,-2.63,-0.17,0.03,0.04,te amo
4095,3791,4095,4095,3628,9.91,-2.84,-0.22,0.07,0.03,te amo
4095,3787,4095,4095,3629,10.08,-2.85,-0.24,0.03,0.02,te amo
4095,3769,4095,4095,3632,9.87,-2.91,-0.05,0.08,0.02,te amo
4095,3763,4095,4095,3643,9.97,-2.69,0.00,0.09,0.02,te amo
4095,3777,4095,4095,3636,9.85,-2.98,-0.11,0.01,0.01,te amo
4095,3779,4095,4095,3645,9.99,-2.92,-0.06,0.01,0.03,te amo
4095,3792,4095,4095,3643,10.06,-2.80,-0.05,-0.01,0.00,te amo
4095,3806,4095,4095,3647,9.78,-2.89,0.00,-0.02,-0.02,te amo
4095,3787,4095,4095,3648,10.10,-2.87,-0.09,-0.04,-0.01,te amo
4095,3776,4095,4095,3646,9.76,-2.85,-0.01,-0.01,-0.02,te amo
4095,3775,4095,4095,3653,9.96,-2.72,-0.12,-0.02,-0.01,te amo
4095,3776,4095,4095,3647,9.72,-2.78,-0.14,0.05,-0.04,te amo
4095,3781,4095,4095,3658,9.89,-2.92,-0.21,-0.05,-0.01,te amo

4095,3617,4095,3648,3641,1.84,-0.43,0.03,-0.07,-0.11,te amo
4095,3649,4095,3611,3637,10.13,-2.56,-0.10,-0.04,-0.09,te amo
4095,3626,4095,3903,3632,10.29,-2.43,-0.08,0.08,-0.04,te amo
4095,3678,4095,3927,3632,9.97,-2.63,-0.02,0.03,-0.02,te amo
4095,3692,4095,3926,3653,10.05,-2.50,0.00,0.02,-0.05,te amo
4095,3695,4095,3916,3655,9.96,-2.38,-0.03,-0.08,-0.07,te amo
4095,3699,4095,3917,3664,9.80,-2.39,-0.09,0.01,-0.06,te amo
4095,3712,4095,3933,3667,10.22,-2.24,-0.29,0.01,-0.01,te amo
4095,3728,4095,3968,3685,9.69,-2.38,-0.20,0.10,0.03,te amo
4095,3687,4095,3949,3721,9.90,-2.50,-0.09,0.03,0.02,te amo
4095,3686,4095,3953,3728,10.16,-2.65,0.05,0.06,0.03,te amo
4095,3731,4095,3978,3728,9.87,-2.58,0.03,0.02,0.03,te amo
4095,3729,4095,3987,3717,9.88,-2.55,-0.04,-0.02,0.02,te amo
4095,3760,4095,3984,3712,10.26,-2.66,0.08,0.02,0.05,te amo
4095,3747,4095,3971,3707,9.90,-2.55,0.07,0.01,-0.05,te amo

4054,3505,4095,3889,3533,1.77,-0.43,0.26,-0.00,0.01,te amo
4055,3491,4095,3898,3522,9.83,-2.39,1.21,0.01,-0.04,te amo
4053,3493,4095,3905,3520,9.78,-2.27,1.02,0.05,-0.01,te amo
4058,3476,4095,3882,3552,9.74,-2.27,1.01,0.09,0.02,te amo
4068,3481,4095,3898,3547,9.90,-2.62,1.11,0.09,-0.04,te amo
4067,3489,4095,3918,3601,9.76,-2.54,1.25,0.12,-0.02,te amo
4087,3503,4095,3920,3574,9.96,-2.84,0.99,-0.08,0.06,te amo
4085,3508,4095,3922,3566,9.81,-2.80,1.09,0.02,0.06,te amo
4095,3521,4095,3931,3570,10.00,-2.53,0.94,0.03,0.05,te amo
4084,3526,4095,3925,3583,9.72,-2.70,0.98,0.05,0.07,te amo
4095,3518,4095,3914,3600,10.09,-2.57,0.97,0.06,0.04,te amo
4094,3511,4095,3909,3583,9.69,-2.96,1.17,0.04,0.07,te amo
4095,3519,4095,3916,3597,10.35,-2.65,1.22,-0.00,0.04,te amo
4095,3521,4095,3913,3599,9.78,-2.83,1.19,-0.05,-0.02,te amo
4095,3520,4095,3925,3583,10.38,-2.57,1.00,-0.03,0.02,te amo

4095,3488,4095,3655,4086,1.76,-0.39,0.10,-0.02,-0.04,te amo
4095,3501,4095,3651,4093,10.22,-2.43,0.45,0.09,-0.05,te amo
4095,3504,4095,3651,4094,10.01,-2.57,0.33,0.06,-0.03,te amo
4095,3522,4095,3648,4090,9.78,-2.61,0.32,-0.03,-0.01,te amo
4095,3528,4095,3634,4095,9.93,-2.29,0.33,-0.01,-0.02,te amo
4095,3530,4095,3633,4091,9.71,-2.34,0.19,-0.03,-0.03,te amo
4095,3536,4095,3637,4080,10.04,-2.30,0.23,0.00,0.02,te amo
4095,3531,4095,3650,4065,10.04,-1.98,0.02,0.13,0.05,te amo
4095,3523,4095,3637,4042,9.84,-2.33,0.27,0.10,0.07,te amo
4095,3524,4095,3639,4012,10.01,-2.30,0.44,0.07,0.05,te amo
4095,3553,4095,3638,4010,9.97,-2.58,0.41,0.12,0.01,te amo
4095,3535,4095,3643,4016,9.98,-2.69,0.46,0.03,-0.03,te amo
4095,3546,4095,3638,4015,9.97,-2.57,0.30,-0.03,0.04,te amo
4095,3554,4095,3649,4042,9.85,-2.25,0.33,0.07,-0.05,te amo
4095,3568,4095,3647,4026,9.98,-2.46,0.38,0.04,-0.02,te amo

4068,3630,4095,4007,3625,1.81,-0.46,0.08,0.19,0.07,te amo
4068,3632,4095,4016,3607,9.68,-2.46,0.73,0.07,0.19,te amo
4070,3634,4095,4016,3598,9.76,-2.45,0.88,-0.04,-0.04,te amo
4075,3638,4095,4016,3599,9.96,-2.34,0.52,0.09,0.08,te amo
4090,3638,4095,4015,3622,9.82,-2.46,0.85,0.01,-0.01,te amo
4083,3669,4095,4013,3629,10.09,-2.40,0.60,0.04,-0.02,te amo
4079,3671,4095,4011,3627,9.96,-2.52,0.59,0.03,-0.06,te amo
4083,3668,4095,4010,3617,9.94,-2.49,0.77,0.09,-0.02,te amo
4074,3684,4095,4011,3623,10.05,-2.49,0.83,0.06,0.02,te amo
4070,3682,4095,4013,3634,9.86,-2.65,0.74,0.00,-0.01,te amo
4070,3691,4095,4019,3634,9.95,-2.45,0.68,-0.02,-0.00,te amo
4095,3710,4095,4032,3632,9.92,-2.33,0.62,0.03,0.07,te amo
4082,3712,4095,4032,3646,9.96,-2.46,0.79,0.02,0.01,te amo
4082,3712,4095,4021,3651,9.98,-2.31,0.70,0.03,0.05,te amo
4091,3703,4095,4027,3671,9.87,-2.36,0.73,-0.04,-0.05,te amo

3760,4095,4095,4095,3355,1.41,-0.33,1.06,-0.07,-0.03,te amo
3762,4095,4095,4095,3358,7.86,-1.65,6.04,-0.00,-0.03,te amo
3761,4095,4095,4095,3340,7.87,-1.66,6.06,-0.07,-0.02,te amo
3743,4095,4095,4095,3331,8.08,-2.23,6.30,-0.13,-0.06,te amo
3743,4095,4095,4095,3327,8.12,-2.43,6.20,-0.04,-0.04,te amo
3726,4095,4095,4095,3323,8.04,-2.18,6.13,-0.03,-0.07,te amo
3730,4095,4095,4095,3380,7.99,-1.89,6.14,-0.07,-0.02,te amo
3728,4095,4095,4095,3375,8.04,-1.95,5.93,-0.01,-0.10,te amo
3713,4095,4095,4095,3385,8.10,-2.02,5.58,0.08,-0.02,te amo
3751,4095,4095,4095,3371,8.04,-1.85,5.89,0.05,0.03,te amo
3738,4095,4095,4095,3366,7.99,-1.81,5.82,0.06,0.01,te amo
3747,4095,4095,4095,3358,7.97,-2.15,6.01,-0.03,-0.05,te amo
3735,4095,4095,4095,3344,8.08,-1.81,5.63,0.06,-0.08,te amo
3742,4095,4095,4095,3349,8.13,-1.57,5.69,0.03,-0.04,te amo
3703,4095,4095,4095,3364,8.19,-1.80,5.60,-0.02,-0.05,te amo

3666,4095,4061,4095,3440,1.61,-0.28,0.82,-0.05,-0.09,te amo
3679,4095,4048,4095,3459,9.10,-1.48,4.42,-0.05,-0.06,te amo
3680,4095,4091,4095,3460,9.16,-1.51,4.29,-0.03,-0.03,te amo
3685,4095,4095,4095,3479,9.23,-1.67,4.33,-0.06,-0.04,te amo
3680,4095,4093,4095,3456,9.10,-1.62,4.50,-0.05,-0.00,te amo
3679,4095,4065,4095,3453,9.24,-1.51,4.62,-0.03,-0.07,te amo
3687,4095,4056,4095,3472,9.19,-1.40,4.18,-0.11,0.00,te amo
3670,4095,4044,4095,3479,9.16,-1.43,4.44,-0.12,-0.03,te amo
3680,4095,4057,4095,3457,9.30,-1.72,4.40,-0.05,-0.03,te amo
3682,4095,4095,4095,3473,9.20,-1.55,4.45,-0.05,-0.01,te amo
3670,4095,4095,4095,3471,9.22,-1.36,4.22,-0.07,-0.01,te amo
3670,4095,4091,4095,3456,9.25,-1.20,4.41,-0.09,-0.02,te amo
3659,4095,4094,4095,3462,9.30,-1.66,4.33,-0.09,-0.06,te amo
3658,4095,4095,4095,3461,9.32,-1.92,4.25,-0.14,0.01,te amo
3667,4095,4095,4095,3469,9.23,-1.77,4.39,-0.04,-0.00,te amo

3717,4095,4095,4095,3562,1.59,-0.19,0.90,0.01,-0.04,te amo
3696,4095,4095,4095,3552,8.96,-1.01,4.89,0.03,0.01,te amo
3711,4095,4095,4095,3549,8.89,-0.85,4.91,0.00,0.01,te amo
3703,4095,4095,4095,3559,8.94,-1.03,5.03,-0.06,0.01,te amo
3701,4095,4095,4095,3548,8.79,-0.97,5.15,-0.01,-0.06,te amo
3712,4095,4095,4095,3563,9.04,-1.03,4.73,-0.06,-0.03,te amo
3742,4095,4095,4095,3574,8.87,-1.19,5.08,-0.05,-0.01,te amo
3741,4095,4095,4095,3598,8.94,-0.96,4.84,-0.03,-0.01,te amo
3742,4095,4095,4095,3577,8.87,-1.10,5.00,-0.03,-0.03,te amo
3739,4095,4095,4095,3600,8.91,-0.89,4.99,-0.05,-0.07,te amo
3734,4095,4095,4095,3602,8.97,-1.14,4.71,-0.01,-0.10,te amo
3728,4095,4095,4095,3583,9.41,-1.22,4.54,-0.08,-0.12,te amo
3729,4095,4095,4095,3597,9.16,-1.20,4.65,-0.11,-0.02,te amo
3744,4095,4095,4095,3542,8.90,-0.83,4.59,0.03,-0.00,te amo
3737,4095,4095,4095,3489,9.25,-1.27,4.67,-0.08,0.03,te amo

3730,4095,4095,4095,3553,1.52,-0.24,0.96,0.14,-0.02,te amo
3746,4095,4095,4095,3553,8.72,-1.80,5.43,0.08,-0.05,te amo
3755,4095,4095,4095,3557,8.57,-1.50,5.37,0.09,-0.10,te amo
3735,4095,4095,4095,3531,8.74,-1.38,5.25,0.03,-0.09,te amo
3741,4095,4095,4095,3533,8.65,-1.18,5.13,-0.08,-0.21,te amo
3733,4095,4095,4095,3543,9.03,-0.58,4.24,-0.14,-0.17,te amo
3740,4095,4095,4095,3546,8.90,-1.51,4.53,-0.12,-0.01,te amo
3723,4095,4095,4095,3546,9.01,-1.30,4.58,-0.06,0.04,te amo
3718,4095,4095,4095,3547,8.84,-1.88,5.07,-0.06,0.05,te amo
3713,4095,4095,4095,3536,8.82,-1.45,4.90,-0.03,0.02,te amo
3715,4095,4095,4095,3537,8.82,-1.55,4.99,0.05,-0.01,te amo
3728,4095,4095,4095,3537,8.97,-1.45,4.85,-0.03,-0.03,te amo
3721,4095,4095,4095,3523,8.90,-1.38,4.83,-0.00,0.03,te amo
3714,4095,4095,4095,3492,8.84,-1.56,4.93,-0.01,-0.00,te amo
3719,4095,4095,4095,3507,8.94,-1.61,4.87,0.04,0.01,te amo

3695,4095,3711,4095,2977,1.62,-0.30,0.80,0.02,-0.05,te amo
3690,4095,3703,4095,2989,8.98,-1.85,4.51,0.04,0.01,te amo
3697,4095,3719,4095,2975,9.07,-1.88,4.73,0.04,-0.02,te amo
3687,4095,3721,4095,2982,9.13,-1.94,4.76,-0.08,-0.05,te amo
3658,4095,3671,4095,2977,8.91,-1.61,4.61,-0.15,-0.03,te amo
3679,4095,3674,4095,2982,8.86,-1.89,4.49,-0.17,-0.01,te amo
3697,4095,3706,4095,2971,9.04,-1.96,4.60,-0.05,-0.02,te amo
3681,4095,3702,4095,2957,9.09,-1.88,4.66,0.06,-0.05,te amo
3679,4095,3693,4095,2958,9.00,-1.69,4.40,0.05,-0.01,te amo
3693,4095,3700,4095,2957,9.04,-1.77,4.50,0.05,0.02,te amo
3682,4095,3710,4095,2955,8.99,-1.72,4.67,-0.10,-0.01,te amo
3677,4095,3696,4095,2964,9.09,-1.40,4.36,-0.05,0.00,te amo
3674,4095,3712,4095,3050,8.90,-1.86,4.60,-0.18,-0.00,te amo
3694,4095,3714,4095,3059,9.01,-1.95,4.54,-0.00,-0.02,te amo
3686,4095,3709,4095,3052,8.98,-1.89,4.64,0.03,-0.05,te amo

3679,4095,4095,4095,3021,1.56,-0.27,1.01,-0.02,0.07,te amo
3691,4095,4095,4095,3021,8.65,-1.47,5.11,0.08,-0.03,te amo
3678,4095,4095,4095,2992,8.46,-1.54,4.81,-0.01,0.09,te amo
3713,4095,4095,4095,3035,8.60,-2.02,5.70,-0.02,0.06,te amo
3712,4095,4095,4095,3056,8.31,-2.25,5.40,0.03,0.03,te amo
3702,4095,4095,4095,3031,8.30,-2.59,5.36,-0.02,0.07,te amo
3679,4095,4095,4095,3008,8.19,-2.57,5.80,0.04,0.04,te amo
3690,4095,4095,4095,3021,8.36,-2.28,5.47,0.16,-0.05,te amo
3711,4095,4095,4095,3047,8.28,-2.11,5.44,0.03,0.01,te amo
3701,4095,4095,4095,3028,8.32,-2.37,5.73,0.02,-0.06,te amo
3706,4095,4095,4095,3018,8.26,-2.13,5.35,0.03,-0.09,te amo
3708,4095,4095,4095,3041,8.48,-1.49,5.32,-0.04,-0.06,te amo
3719,4095,4095,4095,3046,8.58,-1.72,5.25,0.10,-0.02,te amo
3711,4095,4095,4095,3037,8.51,-1.69,5.21,-0.09,0.00,te amo
3709,4095,4095,4095,3010,8.40,-1.41,5.34,-0.10,-0.03,te amo

3719,4095,4095,4095,3054,1.49,-0.37,0.99,-0.04,-0.07,te amo
3713,4095,4095,4095,3024,8.26,-1.84,5.52,0.08,-0.05,te amo
3713,4095,4095,4095,3029,8.60,-2.07,5.63,0.07,-0.02,te amo
3714,4095,4095,4095,3021,8.47,-1.91,5.76,0.03,-0.03,te amo
3725,4095,4095,4095,3024,8.61,-1.76,5.42,0.06,-0.03,te amo
3726,4095,4095,4095,3024,8.49,-1.91,5.55,0.10,-0.02,te amo
3723,4095,4095,4095,3037,8.48,-1.91,5.45,0.03,0.02,te amo
3696,4095,4095,4095,3033,8.43,-2.07,5.68,-0.02,-0.01,te amo
3700,4095,4095,4095,3027,8.58,-1.97,5.59,-0.06,-0.05,te amo
3705,4095,4095,4095,3029,8.48,-1.81,5.43,-0.01,-0.03,te amo
3703,4095,4095,4095,3019,8.61,-1.61,5.37,0.00,-0.00,te amo
3715,4095,4095,4095,3031,8.47,-1.62,5.32,0.04,0.00,te amo
3718,4095,4095,4095,3024,8.52,-1.69,5.63,0.00,0.02,te amo
3712,4095,4095,4095,3033,8.55,-1.80,5.38,0.05,-0.05,te amo
3713,4095,4095,4095,3034,8.50,-1.67,5.31,-0.03,-0.02,te amo

3682,4095,3795,3522,2966,1.59,-0.36,0.73,0.01,-0.08,te amo
3690,4095,3802,3523,2959,9.06,-2.23,4.39,0.02,-0.02,te amo
3680,4095,3803,3519,2941,8.92,-1.91,4.55,0.01,-0.04,te amo
3722,4095,3798,3520,2943,8.95,-1.98,4.15,-0.02,-0.09,te amo
3743,4095,3710,3519,2942,9.00,-1.64,4.19,-0.17,-0.05,te amo
3729,4095,3697,3514,2945,9.11,-1.95,4.08,-0.05,-0.03,te amo
3722,4095,3714,3535,2956,9.10,-2.01,4.15,-0.01,0.02,te amo
3713,4095,3709,3525,2960,9.06,-2.10,4.28,0.10,-0.03,te amo
3727,4095,3696,3525,2959,9.16,-2.09,4.14,0.07,-0.04,te amo
3729,4095,3707,3536,2965,9.17,-2.05,4.18,0.12,-0.01,te amo
3728,4095,3698,3531,2961,9.13,-2.19,4.33,-0.03,0.02,te amo
3777,4095,3703,3874,2983,9.21,-2.45,4.41,0.07,-0.04,te amo
3767,4095,3698,4095,2997,9.24,-2.28,4.35,-0.09,-0.05,te amo
3762,4095,3696,4095,2974,9.25,-2.34,4.32,-0.08,-0.05,te amo
3763,4095,3687,4095,2967,9.18,-2.18,4.33,-0.10,-0.00,te amo

3750,4095,3826,4095,2882,1.56,-0.43,0.86,-0.02,0.12,te amo
3767,4095,3835,4095,2867,8.61,-2.74,4.92,0.07,0.02,te amo
3763,4095,3847,4095,2875,8.59,-2.80,5.02,0.01,-0.02,te amo
3771,4095,3835,4095,2879,8.71,-2.60,4.55,-0.05,-0.05,te amo
3799,4095,3841,4095,2873,8.73,-2.43,4.32,-0.07,0.12,te amo
3794,4095,3846,4095,2871,8.58,-2.67,4.80,-0.16,0.17,te amo
3766,4095,3861,4095,2880,8.39,-2.77,5.43,0.01,0.10,te amo
3781,4095,3866,4095,2879,8.43,-2.96,5.34,-0.06,-0.08,te amo
3776,4095,3888,4091,2881,8.60,-2.87,4.93,-0.02,-0.14,te amo
3770,4095,3865,4095,2884,8.83,-2.37,4.43,0.03,-0.12,te amo
3770,4095,3865,4095,2880,8.78,-2.59,4.66,0.02,0.03,te amo
3773,4095,3858,4095,2891,8.74,-2.69,5.05,-0.01,-0.01,te amo
3760,4095,3875,4095,2893,8.81,-2.60,4.87,0.01,-0.07,te amo
3762,4095,3858,4095,2873,8.67,-2.46,4.47,-0.08,-0.06,te amo
3726,4095,3847,4095,2882,9.00,-2.27,4.41,-0.03,-0.02,te amo

3715,4095,3952,4048,2975,1.52,-0.43,1.02,0.07,-0.27,te amo
3722,4095,3956,4055,2981,8.62,-1.22,5.02,0.04,-0.27,te amo
3726,4095,3977,4046,2977,8.83,-1.23,4.47,0.03,-0.05,te amo
3731,4095,3959,4048,2983,8.58,-1.99,5.20,-0.02,0.08,te amo
3723,4095,3957,4052,2992,8.59,-2.63,5.47,-0.01,-0.10,te amo
3725,4095,3974,4065,2993,8.73,-1.52,4.80,-0.08,-0.14,te amo
3727,4095,3965,4050,2991,8.87,-1.49,4.91,-0.07,-0.06,te amo
3728,4095,3968,4054,2991,8.95,-1.49,4.82,-0.03,-0.01,te amo
3731,4095,3994,4059,2979,8.80,-1.68,4.89,-0.09,0.03,te amo
3743,4095,3987,4063,2990,8.84,-1.71,4.76,-0.04,0.06,te amo
3733,4095,4005,4065,2986,8.81,-1.30,4.85,-0.16,0.09,te amo
3748,4095,4016,4068,2985,8.73,-2.16,5.14,-0.13,0.13,te amo
3739,4095,4023,4051,2985,8.45,-2.56,5.78,-0.10,0.08,te amo
3738,4095,4021,4059,2988,8.65,-2.29,5.19,-0.07,-0.01,te amo
3728,4095,4030,4065,2991,8.65,-2.01,5.06,-0.04,-0.02,te amo

3760,4095,4050,4095,3024,1.82,-0.07,0.21,-0.07,-0.06,te amo
3771,4095,4061,4095,3041,10.28,-0.46,0.74,-0.06,-0.04,te amo
3763,4095,4048,4095,3045,10.27,-0.63,0.85,-0.00,0.02,te amo
3773,4095,4042,4095,3022,10.21,-0.52,0.99,-0.02,0.00,te amo
3763,4095,4038,4095,3029,10.23,-0.48,1.03,-0.02,-0.00,te amo
3765,4095,4047,4095,3030,10.24,-0.73,1.19,0.01,-0.09,te amo
3760,4095,4033,4095,3024,10.28,-0.63,0.73,0.02,-0.12,te amo
3775,4095,4039,4095,3019,10.29,-0.29,0.52,-0.04,-0.07,te amo
3771,4095,4039,4095,3009,10.34,-0.26,0.55,-0.05,-0.02,te amo
3778,4095,4044,4095,3014,10.36,-0.24,0.49,0.03,0.04,te amo
3759,4095,4034,4095,3023,10.31,-0.67,0.78,0.02,0.09,te amo
3764,4095,4032,4095,3024,10.23,-0.55,1.21,0.04,-0.01,te amo
3781,4095,4019,4095,3042,10.32,-0.63,0.70,-0.01,0.00,te amo
3758,4095,4001,4095,3045,10.32,-0.33,0.80,-0.00,0.03,te amo
3765,4095,3997,4095,3033,10.22,-0.34,1.18,0.00,0.01,te amo

3103,4095,3716,4095,2323,1.80,-0.18,0.36,0.06,-0.02,te amo
3095,4095,3723,4095,2320,10.10,-1.12,1.76,-0.06,-0.00,te amo
3111,4095,3722,4095,2320,10.02,-0.98,1.95,-0.01,-0.02,te amo
3106,4095,3723,4095,2311,10.09,-1.32,1.83,-0.02,-0.01,te amo
3110,4095,3719,4095,2309,10.05,-0.96,1.89,-0.06,-0.01,te amo
3100,4095,3718,4095,2309,10.04,-1.20,1.78,-0.01,0.00,te amo
3088,4095,3719,4095,2294,10.08,-1.08,1.93,-0.04,-0.00,te amo
3079,4095,3727,4095,2285,10.07,-1.09,1.89,0.01,0.00,te amo
3082,4095,3710,4095,2284,10.08,-1.28,1.81,-0.05,-0.03,te amo
3071,4095,3712,4095,2287,10.13,-1.11,2.04,-0.01,-0.01,te amo
3070,4095,3713,4095,2274,10.10,-1.26,1.73,-0.05,-0.03,te amo
3063,4095,3721,4095,2257,10.08,-0.96,1.84,0.03,-0.02,te amo
3056,4095,3721,4095,2256,10.05,-1.27,1.70,-0.04,-0.03,te amo
3051,4095,3707,4095,2238,10.06,-0.99,1.91,0.00,-0.00,te amo
3047,4095,3719,4095,2239,10.09,-1.20,1.53,-0.02,-0.02,te amo

3039,4095,3687,4095,2220,1.81,-0.20,0.26,-0.04,-0.04,te amo
3047,4095,3683,4095,2223,10.20,-1.59,1.63,0.05,-0.06,te amo
3046,4095,3694,4095,2208,10.10,-1.48,1.39,-0.01,-0.01,te amo
3038,4095,3691,4095,2202,10.12,-1.28,1.60,0.01,0.01,te amo
3022,4095,3671,4095,2194,10.11,-1.27,1.49,-0.06,-0.03,te amo
3009,4095,3679,4095,2193,10.14,-1.34,1.42,0.02,-0.01,te amo
3005,4095,3678,4095,2194,10.11,-1.45,1.42,-0.02,-0.01,te amo
3024,4095,3690,4095,2214,10.14,-1.32,1.50,-0.01,-0.01,te amo
3026,4095,3683,4095,2226,10.07,-1.40,1.40,-0.06,0.01,te amo
3039,4095,3689,4095,2225,10.15,-1.21,1.45,-0.02,0.02,te amo
3066,4095,3682,4095,2243,10.18,-1.29,1.27,-0.06,0.01,te amo
3091,4095,3679,4095,2256,10.17,-1.26,1.64,0.00,0.01,te amo
3118,4095,3682,4095,2255,10.07,-1.08,1.29,-0.06,0.01,te amo
3133,4095,3689,4095,2251,10.10,-1.29,1.58,0.01,-0.02,te amo
3136,4095,3795,4095,2225,10.11,-1.15,1.33,-0.06,-0.01,te amo

3066,4095,3713,4095,2281,1.81,-0.21,0.26,-0.04,-0.01,te amo
3083,4095,3722,4095,2287,10.17,-1.34,1.39,-0.01,-0.03,te amo
3088,4095,3715,4095,2288,10.09,-1.24,1.57,0.02,0.02,te amo
3081,4095,3726,4095,2283,10.12,-1.47,1.31,-0.01,0.03,te amo
3061,4095,3719,4095,2288,10.05,-1.41,1.28,0.09,0.02,te amo
3054,4095,3727,4095,2278,10.22,-1.27,1.71,0.14,-0.07,te amo
3038,4095,3730,4095,2278,10.07,-1.14,1.44,-0.06,-0.02,te amo
3045,4095,3728,4095,2275,9.92,-1.63,1.53,-0.00,-0.01,te amo
3050,4095,3725,4095,2279,10.19,-1.10,1.44,-0.03,0.03,te amo
3041,4095,3730,4095,2275,10.16,-1.09,1.29,0.02,-0.01,te amo
3055,4095,3729,4095,2271,10.14,-1.34,1.51,-0.04,0.03,te amo
3056,4095,3730,4095,2270,10.25,-1.41,1.62,0.03,-0.00,te amo
3059,4095,3721,4095,2270,10.11,-1.42,1.50,-0.04,0.01,te amo
3067,4095,3719,4095,2268,10.06,-1.31,1.52,0.03,0.01,te amo
3047,4095,3719,4095,2271,10.16,-1.08,1.38,-0.05,-0.01,te amo

3055,4095,3783,4095,2288,1.82,-0.22,0.23,0.03,0.00,te amo
3083,4095,3792,4095,2295,10.15,-1.46,1.27,-0.02,0.03,te amo
3071,4095,3813,4095,2302,10.11,-1.02,1.62,-0.03,0.03,te amo
3071,4095,3873,4095,2299,10.12,-1.02,1.34,-0.01,-0.02,te amo
3088,4095,3898,4095,2294,10.16,-1.39,1.47,-0.04,-0.03,te amo
3100,4095,3883,4095,2303,10.16,-1.40,1.26,0.00,0.00,te amo
3088,4095,3873,4095,2299,10.14,-1.53,1.33,-0.03,-0.02,te amo
3090,4095,3853,4095,2300,10.13,-1.15,1.52,-0.01,0.02,te amo
3089,4095,3865,4095,2303,10.13,-1.29,1.20,-0.01,-0.02,te amo
3093,4095,3849,4095,2304,10.16,-1.28,1.35,-0.00,-0.00,te amo
3115,4095,3831,4095,2308,10.17,-1.21,1.27,-0.02,-0.03,te amo
3120,4095,3807,4095,2303,10.11,-1.18,1.48,-0.01,0.00,te amo
3127,4095,3789,4095,2304,10.16,-1.42,1.12,-0.02,-0.02,te amo
3149,4095,3807,4095,2300,10.16,-1.33,1.36,-0.05,0.00,te amo
3124,4095,3792,4095,2301,10.07,-1.43,1.21,-0.03,0.00,te amo

3045,4095,3719,4095,2271,1.82,-0.23,0.25,-0.04,0.02,te amo
3040,4095,3719,4095,2270,10.15,-1.21,1.28,-0.01,0.01,te amo
3047,4095,3728,4095,2271,10.15,-1.30,1.34,-0.04,0.01,te amo
3044,4095,3729,4095,2270,10.13,-1.31,1.34,0.00,0.01,te amo
3034,4095,3709,4095,2270,10.06,-1.44,1.36,-0.04,0.02,te amo
3035,4095,3707,4095,2264,10.12,-1.24,1.33,-0.03,-0.02,te amo
3034,4095,3706,4095,2267,10.10,-1.43,1.19,-0.04,0.00,te amo
3040,4095,3706,4095,2269,10.12,-1.30,1.30,-0.02,0.01,te amo
3038,4095,3713,4095,2265,10.13,-1.49,1.39,-0.05,0.01,te amo
3037,4095,3712,4095,2261,10.14,-1.35,1.38,-0.03,-0.02,te amo
3055,4095,3703,4095,2256,10.08,-1.48,1.34,-0.04,0.02,te amo
3039,4095,3718,4095,2256,10.13,-1.32,1.22,-0.00,-0.00,te amo
3042,4095,3728,4095,2258,10.11,-1.45,1.30,-0.05,0.02,te amo
3026,4095,3716,4095,2254,10.13,-1.10,1.35,-0.02,0.00,te amo
3031,4095,3711,4095,2256,10.13,-1.39,1.26,-0.01,-0.03,te amo

3056,4095,3726,4095,2261,1.82,-0.26,0.20,-0.05,-0.02,te amo
3056,4095,3727,4095,2263,10.10,-1.31,1.18,0.02,0.04,te amo
3050,4095,3728,4095,2275,10.16,-1.38,1.19,-0.06,0.01,te amo
3037,4095,3725,4095,2261,10.09,-1.31,1.16,0.01,0.05,te amo
3039,4095,3722,4095,2271,10.11,-1.27,1.43,-0.02,-0.01,te amo
3030,4095,3723,4095,2263,10.11,-1.50,1.33,-0.06,-0.04,te amo
3035,4095,3709,4095,2271,10.11,-1.53,1.20,-0.05,-0.02,te amo
3031,4095,3728,4095,2285,10.12,-1.35,1.16,0.02,-0.01,te amo
3038,4095,3717,4095,2287,10.13,-1.55,1.35,0.02,0.01,te amo
3034,4095,3718,4095,2281,10.13,-1.56,1.24,-0.06,-0.00,te amo
3034,4095,3719,4095,2283,10.09,-1.44,1.27,0.01,-0.00,te amo
3039,4095,3728,4095,2286,10.10,-1.38,1.37,-0.03,-0.02,te amo
3047,4095,3728,4095,2286,10.14,-1.39,1.20,-0.04,-0.01,te amo
3065,4095,3731,4095,2288,10.12,-1.51,1.31,-0.01,0.02,te amo
3084,4095,3729,4095,2288,10.14,-1.44,1.07,-0.02,0.00,te amo

3126,4095,3741,4095,2288,1.83,-0.33,0.19,0.02,-0.01,te amo
3121,4095,3760,4095,2271,10.04,-1.46,1.08,-0.05,-0.00,te amo
3115,4095,3751,4095,2270,10.11,-1.58,0.99,-0.02,-0.02,te amo
3120,4095,3751,4095,2279,10.10,-1.76,1.37,-0.02,0.03,te amo
3129,4095,3749,4095,2274,10.13,-1.59,1.16,-0.01,0.00,te amo
3114,4095,3737,4095,2273,10.06,-2.00,1.46,-0.02,-0.00,te amo
3111,4095,3747,4095,2273,10.10,-1.52,1.19,-0.04,-0.00,te amo
3134,4095,3742,4095,2272,10.11,-1.58,1.13,-0.02,-0.02,te amo
3122,4095,3748,4095,2272,10.08,-1.69,1.27,0.02,0.02,te amo
3120,4095,3757,4095,2277,10.13,-1.49,1.07,0.04,-0.01,te amo
3129,4095,3735,4095,2288,10.09,-1.73,1.33,0.01,-0.02,te amo
3149,4095,3749,4095,2294,10.07,-1.79,1.08,-0.05,-0.04,te amo
3142,4095,3744,4095,2293,10.12,-1.44,1.07,0.04,0.02,te amo
3146,4095,3758,4095,2291,10.09,-1.75,1.09,-0.03,-0.03,te amo
3147,4095,3750,4095,2289,10.12,-1.56,1.28,-0.00,0.02,te amo

3201,4095,3745,4095,2309,1.81,-0.29,0.26,-0.01,0.01,te amo
3200,4095,3749,4095,2298,10.17,-1.72,0.87,-0.08,-0.01,te amo
3239,4095,3746,4095,2347,10.20,-3.12,1.20,-0.30,0.22,te amo
3199,4095,3747,4095,2354,10.05,-0.65,1.94,0.09,0.22,te amo
3222,4095,3726,4095,2378,10.03,-0.18,2.28,-0.10,-0.04,te amo
3200,4095,3727,4095,2369,10.16,-1.29,1.21,-0.13,-0.18,te amo
3202,4095,3771,4095,2359,10.23,-1.67,1.19,0.05,-0.01,te amo
3191,4095,3760,4095,2364,10.17,-1.34,1.31,0.02,0.01,te amo
3185,4095,3756,4095,2356,10.10,-1.13,1.58,-0.03,-0.00,te amo
3190,4095,3757,4095,2343,10.19,-1.37,1.27,-0.03,-0.01,te amo
3182,4095,3755,4095,2341,10.07,-1.39,1.24,-0.04,0.00,te amo
3174,4095,3769,4095,2341,10.16,-1.02,0.98,0.16,-0.07,te amo
3184,4095,3757,4095,2331,10.06,-1.29,1.32,-0.02,-0.02,te amo
3184,4095,3728,4095,2323,10.32,-1.17,1.26,0.01,0.02,te amo
3191,4095,3732,4095,2334,10.20,-1.48,1.38,0.05,-0.03,te amo

3287,4095,3803,4095,2381,1.83,-0.34,0.27,-0.01,0.03,te amo
3254,4095,3790,4095,2373,10.15,-1.66,0.84,-0.06,-0.01,te amo
3248,4095,3785,4095,2382,10.09,-1.59,1.28,-0.07,-0.01,te amo
3218,4095,3792,4095,2367,10.13,-1.49,0.86,-0.02,-0.06,te amo
3219,4095,3792,4095,2368,10.10,-1.53,1.08,-0.01,-0.03,te amo
3235,4095,3792,4095,2375,10.15,-1.56,0.70,0.02,-0.03,te amo
3246,4095,3803,4095,2399,10.11,-1.71,0.98,-0.07,0.01,te amo
3247,4095,3807,4095,2401,10.17,-1.18,0.94,0.05,0.00,te amo
3248,4095,3797,4095,2399,10.13,-1.67,1.07,0.00,-0.00,te amo
3265,4095,3809,4095,2395,10.12,-1.43,0.87,0.04,0.02,te amo
3298,4095,3807,4095,2396,10.09,-1.72,1.06,-0.03,-0.03,te amo
3295,4095,3820,4095,2391,10.14,-1.66,1.00,0.02,0.00,te amo
3280,4095,3824,4095,2385,10.12,-1.69,0.93,-0.03,-0.02,te amo
3286,4095,3817,4095,2388,10.14,-1.62,1.05,0.01,0.01,te amo
3280,4095,3802,4095,2375,10.10,-1.64,0.91,-0.05,-0.01,te amo

3189,4095,3824,4095,2559,1.81,-0.19,0.27,-0.07,0.00,te amo
3186,4095,3806,4095,2559,10.13,-0.96,1.58,-0.03,0.01,te amo
3188,4095,3808,4095,2548,10.12,-1.11,1.51,-0.07,-0.02,te amo
3184,4095,3803,4095,2541,10.13,-0.89,1.58,-0.04,0.00,te amo
3184,4095,3795,4095,2542,10.16,-1.03,1.53,-0.06,-0.01,te amo
3182,4095,3753,4095,2529,10.11,-0.97,1.62,-0.01,0.01,te amo
3175,4095,3751,4095,2523,10.13,-1.46,1.41,-0.03,-0.00,te amo
3178,4095,3763,4095,2510,10.08,-1.18,1.60,-0.04,0.03,te amo
3159,4095,3731,4095,2516,10.07,-1.16,1.50,-0.06,0.02,te amo
3145,4095,3743,4095,2525,10.14,-0.95,1.69,-0.05,0.02,te amo
3162,4095,3750,4095,2521,10.19,-1.20,1.44,-0.06,0.01,te amo
3161,4095,3739,4095,2535,10.07,-0.99,1.69,-0.04,0.02,te amo
3163,4095,3703,4095,2541,10.01,-1.31,1.53,-0.03,0.01,te amo
3153,4095,3702,4095,2544,10.02,-1.23,1.62,-0.01,0.01,te amo
3151,4095,3701,4095,2544,10.12,-1.26,1.66,0.02,0.02,te amo

3409,4095,3856,4095,2704,1.80,-0.37,0.30,-0.07,0.02,te amo
3410,4095,3856,4095,2701,9.92,-2.13,2.04,-0.02,0.03,te amo
3408,4095,3818,4095,2693,9.86,-1.96,1.82,-0.03,-0.01,te amo
3408,4095,3809,4095,2684,9.88,-1.76,1.93,-0.10,0.01,te amo
3397,4095,3814,4095,2672,10.00,-1.91,1.57,0.00,-0.05,te amo
3393,4095,3802,4095,2671,9.98,-1.91,1.91,-0.03,-0.02,te amo
3376,4095,3802,4095,2667,9.96,-1.82,1.62,0.01,0.03,te amo
3390,4095,3817,4095,2672,9.99,-1.88,1.69,-0.05,0.01,te amo
3391,4095,3809,4095,2672,9.94,-1.77,1.96,-0.01,0.01,te amo
3357,4095,3815,4095,2686,9.99,-2.03,1.55,0.00,-0.05,te amo
3345,4095,3807,4095,2696,10.01,-1.79,1.83,0.01,0.00,te amo
3348,4095,3807,4095,2677,9.97,-1.82,1.82,-0.02,0.00,te amo
3359,4095,3799,4095,2672,9.95,-1.81,1.85,-0.00,-0.01,te amo
3367,4095,3794,4095,2678,9.97,-1.91,1.59,-0.05,0.01,te amo
3350,4095,3795,4095,2682,10.02,-1.65,1.84,0.07,0.01,te amo

3191,4095,3855,4095,2670,1.79,-0.35,0.28,0.01,0.01,te amo
3185,4095,3842,4095,2666,9.99,-1.83,1.77,0.01,-0.01,te amo
3195,4095,3843,4095,2669,10.02,-1.94,1.43,0.01,0.00,te amo
3184,4095,3853,4095,2669,9.98,-1.83,1.75,-0.02,-0.01,te amo
3189,4095,3850,4095,2661,10.04,-1.93,1.41,0.00,0.00,te amo
3185,4095,3850,4095,2662,9.95,-1.90,1.82,-0.02,-0.00,te amo
3190,4095,3854,4095,2658,10.06,-2.00,1.49,-0.01,0.02,te amo
3184,4095,3843,4095,2659,9.96,-1.75,1.78,-0.02,0.01,te amo
3191,4095,3846,4095,2653,10.00,-1.94,1.45,-0.02,-0.01,te amo
3181,4095,3839,4095,2655,9.96,-1.89,1.78,-0.03,-0.00,te amo
3184,4095,3837,4095,2649,10.02,-1.97,1.47,-0.02,-0.00,te amo
3184,4095,3841,4095,2661,9.93,-1.85,1.81,-0.02,-0.01,te amo
3185,4095,3847,4095,2659,10.04,-2.11,1.54,-0.01,0.00,te amo
3178,4095,3845,4095,2657,9.98,-1.85,1.86,-0.02,0.01,te amo
3178,4095,3855,4095,2658,10.02,-1.95,1.52,0.00,0.00,te amo

3159,4095,3901,4095,2672,1.80,-0.33,0.29,0.01,0.02,te amo
3165,4095,3920,4095,2674,9.98,-1.97,1.87,-0.01,-0.01,te amo
3162,4095,3885,4095,2667,10.01,-1.96,1.51,-0.01,0.01,te amo
3156,4095,3883,4095,2667,9.96,-1.88,1.73,-0.01,-0.00,te amo
3152,4095,3888,4095,2669,10.00,-1.99,1.50,-0.01,0.01,te amo
3152,4095,3888,4095,2671,9.97,-1.84,1.79,-0.03,-0.01,te amo
3151,4095,3894,4095,2669,10.01,-2.00,1.48,-0.00,0.00,te amo
3148,4095,3905,4095,2666,9.98,-1.89,1.71,-0.02,-0.01,te amo
3152,4095,3888,4095,2668,9.96,-1.99,1.61,-0.01,0.01,te amo
3150,4095,3884,4095,2668,9.94,-1.98,1.73,-0.04,-0.02,te amo
3147,4095,3881,4095,2661,9.99,-1.93,1.64,0.00,0.01,te amo
3149,4095,3872,4095,2662,9.97,-2.04,1.61,-0.04,-0.01,te amo
3143,4095,3877,4095,2665,9.97,-1.84,1.71,-0.01,0.01,te amo
3151,4095,3879,4095,2661,10.02,-2.05,1.54,-0.01,-0.01,te amo
3147,4095,3889,4095,2663,9.98,-1.88,1.83,-0.02,-0.00,te amo